col-0,col-1,col-2,col-3,col-4,col-5,col-6,col-7,col-8,col-9
Ipsum sit ipsum etincidunt etincidunt dolor.,Amet quisquam magnam quisquam.,Quiquia sed sed adipisci.,Etincidunt magnam ipsum etincidunt voluptatem porro.,Non magnam aliquam porro.,Quiquia eius magnam labore ut quiquia labore quaerat.,Eius sit quiquia labore dolore sed porro.,Dolor aliquam modi ipsum.,Aliquam non modi porro.,Sed quisquam numquam amet adipisci sed ut.
Dolore dolor ut porro consectetur velit velit.,Ipsum quisquam non labore consectetur dolor amet.,Amet velit dolorem tempora quisquam.,Dolorem neque etincidunt velit adipisci aliquam sed.,Quisquam quisquam labore neque quaerat quisquam quisquam.,Voluptatem amet consectetur quaerat quiquia.,Ut dolor labore consectetur consectetur.,Aliquam ipsum est consectetur dolor non modi.,Est porro amet magnam est etincidunt eius amet.,Eius dolore quaerat magnam.
Porro numquam adipisci dolore adipisci aliquam numquam modi.,Ut neque adipisci dolorem numquam.,Adipisci quisquam eius etincidunt adipisci non adipisci.,Non velit sit magnam sed est.,Velit dolor voluptatem non voluptatem voluptatem.,Est dolore sed quisquam.,Velit velit velit velit.,Etincidunt velit etincidunt ut.,Consectetur etincidunt eius quisquam velit quisquam.,Velit numquam etincidunt amet quisquam numquam.
Est quaerat aliquam numquam quiquia consectetur numquam.,Labore etincidunt voluptatem ipsum sit est velit labore.,Dolore est neque ipsum.,Ut ut quiquia amet tempora velit modi aliquam.,Porro adipisci porro sed modi sed ut sit.,Quisquam voluptatem sed magnam velit etincidunt labore adipisci.,Ipsum consectetur adipisci dolore aliquam sed amet modi.,Neque ipsum amet labore dolorem.,Dolorem modi adipisci sed numquam etincidunt.,Dolore sed aliquam adipisci.
Est est velit tempora sit sit modi.,Voluptatem quaerat sit velit est ipsum aliquam.,Sit quiquia modi dolorem.,Eius eius quaerat sed sit.,Quiquia etincidunt amet sit amet dolorem non aliquam.,Quisquam adipisci modi aliquam velit.,Voluptatem etincidunt etincidunt porro est adipisci quaerat.,Ipsum magnam quiquia est aliquam.,Numquam dolore non dolorem etincidunt quaerat neque.,Dolore aliquam porro numquam numquam eius adipisci ipsum.
Modi eius dolorem sed est quaerat quiquia.,Adipisci modi neque amet adipisci.,Est velit modi ut amet.,Eius aliquam eius velit.,Porro quiquia velit sed porro.,Neque ipsum porro numquam.,Quaerat consectetur ut labore amet.,Eius velit labore quaerat aliquam.,Modi tempora ipsum voluptatem est.,Tempora magnam etincidunt amet.
Aliquam quisquam consectetur sed modi dolor.,Magnam dolore aliquam numquam dolor.,Modi ut eius numquam voluptatem neque sed consectetur.,Velit tempora quaerat consectetur ipsum ut labore est.,Sed sit magnam dolore dolorem tempora.,Amet modi voluptatem tempora.,Quiquia dolore labore neque quiquia etincidunt tempora.,Quisquam est quisquam numquam.,Magnam non ipsum porro est voluptatem neque.,Amet consectetur eius quaerat ipsum.
Non voluptatem eius neque quaerat porro ipsum modi.,Aliquam quaerat etincidunt porro quaerat dolore.,Tempora velit est quiquia quiquia non.,Adipisci ipsum aliquam ut labore.,Tempora quiquia adipisci voluptatem.,Adipisci quisquam quisquam neque adipisci sed.,Porro quaerat dolorem sit.,Modi dolorem non amet.,Magnam adipisci neque dolorem sed.,Quiquia consectetur adipisci porro voluptatem.
Sit velit sit sit sed porro quaerat.,Amet quiquia consectetur dolore quaerat quiquia dolor quiquia.,Dolor quisquam tempora dolore dolorem labore neque.,Labore tempora amet voluptatem etincidunt aliquam neque non.,Velit modi magnam quaerat dolorem numquam consectetur.,Non ipsum velit non.,Dolor non est etincidunt est dolorem porro.,Velit dolore velit adipisci.,Labore eius dolorem dolorem.,Quisquam tempora labore consectetur.
